position,avg_height,avg_weight
Defender,182.41428571428568,78.128571428571433
Goalkeeper,179.29411764705884,78.985294117647044
Forward,179.21686746987953,78.759036144578332
Midfielder,179.40506329113919,76.037974683544292
