nationality,avg_market_value
Nigerian,15069261.396410255
Mozambican,14736203.594324324
Zambian,12777043.061136363
Ghanaian,12298308.036595741
South African,12037870.236304348
Malawian,11727296.055476192
Zimbabwean,10367909.532222223
